10	Lagenidiales	Lagenidiales_Family_NoHit	Lagenidiales_Genus_NoHit	Lagenidiales_Species_NoHit	KJ716873.1	76.0	undetermined	undetermined
44	Peronosporales	Peronosporaceae	Peronosporaceae_Genus_NoHit	Peronosporaceae_Species_NoHit	MF319537.1	87.9	undetermined	undetermined
57	Saprolegniales	Saprolegniaceae	Pythiopsis	Pythiopsis_intermedia	KP098348.1	100.0	saprotroph	undetermined
61	Saprolegniales	Saprolegniaceae	Saprolegnia	Saprolegnia_anisospora	JQ974998.1	100.0	hemibiotroph	Metazoa
36	Saprolegniales	Saprolegniaceae	Saprolegniaceae_Genus_NoHit	Saprolegniaceae_Species_NoHit	FJ794896.1	84.2	undetermined	undetermined
14	Lagenidiales	Lagenidiales_Family_NoHit	Lagenidiales_Genus_NoHit	Lagenidiales_Species_NoHit	KJ716872.1	72.1	undetermined	undetermined
60	Lagenidiales	Lagenidiales_Family_NoHit	Lagenidiales_Genus_NoHit	Lagenidiales_Species_NoHit	KJ716872.1	73.1	undetermined	undetermined
32	Lagenidiales	Lagenidiales_Family_NoHit	Lagenidiales_Genus_NoHit	Lagenidiales_Species_NoHit	KJ716872.1	73.1	undetermined	undetermined
21	Lagenidiales	Lagenidiales_Family_NoHit	Lagenidiales_Genus_NoHit	Lagenidiales_Species_NoHit	KJ716873.1	71.4	undetermined	undetermined
37	Lagenidiales	Lagenidiales_Family_NoHit	Lagenidiales_Genus_NoHit	Lagenidiales_Species_NoHit	KJ716873.1	75.5	undetermined	undetermined
31	incertae_sedis	Lagenaceae	Lagenaceae_Genus_NoHit	Lagenaceae_Species_NoHit	KJ716869.1	86.5	undetermined	undetermined
29	Albuginales	Albuginaceae	Albugo	Albugo_candida	MG818922.1	100.0	obligate biotroph	Plantae
16	Peronosporales	Peronosporaceae	Peronospora	Peronospora_trigonellae	GQ421459.1	97.1	obligate biotroph	Plantae
45	Peronosporales	Peronosporaceae	Peronospora	Peronospora_violae	AY198240.3	100.0	obligate biotroph	Plantae
9	Peronosporales	Peronosporaceae	Peronospora	Peronospora_Species_NoHit	AY198298.3	93.8	obligate biotroph	Plantae
34	Peronosporales	Peronosporaceae	Peronospora	Peronospora_Species_NoHit	KP271924.1	100.0	obligate biotroph	Plantae
24	Peronosporales	Peronosporaceae	Peronospora	Peronospora_ervi	AY198232.2	100.0	obligate biotroph	Plantae
2	Peronosporales	Peronosporaceae	Phytophthora	Phytophthora_syringae	EU244851.1	99.6	hemibiotroph	Plantae
25	Peronosporales	Peronosporaceae	Peronospora	Peronospora_effusa	MG782843.1	100.0	obligate biotroph	Plantae
33	Peronosporales	Peronosporaceae	Pseudoperonospora	Pseudoperonospora_cubensis	AY198306.3	99.6	obligate biotroph	Plantae
65	Pythiales	Pythiaceae	Pythium	Pythium_heterothallicum	MK794844.1	99.1	hemibiotroph	Plantae
8	Peronosporales	Peronosporaceae	Peronospora	Peronospora_aparines	AY198300.3	100.0	obligate biotroph	Plantae
53	Peronosporales	Peronosporaceae	Bremia	Bremia_lactucae	EF553496.1	100.0	obligate biotroph	Plantae
58	Peronosporales	Peronosporaceae	Bremia	Bremia_lactucae	EF553504.1	100.0	obligate biotroph	Plantae
35	Peronosporales	Peronosporaceae	Peronospora	Peronospora_Species_NoHit	AY198298.3	94.2	obligate biotroph	Plantae
56	Peronosporales	Peronosporaceae	Peronospora	Peronospora_Species_NoHit	KP271924.1	97.1	obligate biotroph	Plantae
11	Pythiales	Pythiaceae	Pythium	Pythium_attrantheridium	HQ643476.2	100.0	hemibiotroph	Plantae
42	Peronosporales	Peronosporaceae	Peronosporaceae_Genus_NoHit	Peronosporaceae_Species_NoHit	MF319537.1	87.0	undetermined	undetermined
12	Peronosporales	Peronosporaceae	Peronospora	Peronospora_arborescens	AY695807.1	99.2	obligate biotroph	Plantae
55	Peronosporales	Peronosporaceae	Paraperonospora	Paraperonospora_leptosperma	EF553490.1	99.6	obligate biotroph	Plantae
15	Peronosporales	Peronosporaceae	Hyaloperonospora	Hyaloperonospora_brassicae	EU049211.1	99.2	obligate biotroph	Plantae
27	Peronosporales	Peronosporaceae	Peronospora	Peronospora_Species_NoHit	MF319537.1	92.1	obligate biotroph	Plantae
4	Peronosporales	Peronosporaceae	Peronospora	Peronospora_farinosa	AY211017.1	100.0	obligate biotroph	Plantae
18	Peronosporales	Peronosporaceae	Hyaloperonospora	Hyaloperonospora_Species_NoHit	AY210983.1	90.0	obligate biotroph	Plantae
39	Peronosporales	Peronosporaceae	Hyaloperonospora	Hyaloperonospora_sisymbrii-sophiae	AY198253.3	100.0	obligate biotroph	Plantae
26	Peronosporales	Peronosporaceae	Peronosporaceae_Genus_NoHit	Peronosporaceae_Species_NoHit	AY198300.3	85.8	undetermined	undetermined
6	Peronosporales	Peronosporaceae	Hyaloperonospora	Hyaloperonospora_brassicae	JF975613.1	100.0	obligate biotroph	Plantae
7	Peronosporales	Peronosporaceae	Hyaloperonospora	Hyaloperonospora_parasitica	AY210987.1	99.6	obligate biotroph	Plantae
51	Pythiales	Pythiaceae	Globisporangium	Globisporangium_intermedium	DQ528742.1	100.0	obligate biotroph	Plantae
63	Pythiales	Pythiaceae	Pythium	Pythium_grandisporangium	AY598692.2	96.0	hemibiotroph	Plantae
106	Order_NoHit	Family_NoHit	Genus_NoHit	Genus_NoHit_Species_NoHit	XX123456.1	0.0	undetermined	undetermined
40	Pythiales	Pythiaceae	Pythium	Pythium_Species_NoHit	AY598692.2	91.7	hemibiotroph	Plantae
20	Pythiales	Pythiaceae	Pythiaceae_Genus_NoHit	Pythiaceae_Species_NoHit	KF318041.1	80.5	undetermined	undetermined
66	Peronosporales	Peronosporaceae	Hyaloperonospora	Hyaloperonospora_parasitica	AY211009.1	100.0	obligate biotroph	Plantae
145	Order_NoHit	Family_NoHit	Genus_NoHit	Genus_NoHit_Species_NoHit	XX123456.1	0.0	undetermined	undetermined
5	Pythiales	Pythiaceae	Pythiaceae_Genus_NoHit	Pythiaceae_Species_NoHit	AY598707.2	84.9	undetermined	undetermined
88	Saprolegniales	Saprolegniaceae	Pythiopsis	Pythiopsis_intermedia	KP098348.1	95.7	saprotroph	undetermined
3	Pythiales	Pythiaceae	Pythiaceae_Genus_NoHit	Pythiaceae_Species_NoHit	AY598696.2	85.4	undetermined	undetermined
1	Pythiales	Pythiaceae	Pythiaceae_Genus_NoHit	Pythiaceae_Species_NoHit	AY598696.2	87.0	undetermined	undetermined
28	Pythiales	Pythiaceae	Pythium	Pythium_rostratifingens	MK794877.1	99.4	hemibiotroph	Plantae
54	Pythiales	Pythiaceae	Pythium	Pythium_rostratifingens	MK794877.1	100.0	hemibiotroph	Plantae
96	Order_NoHit	Family_NoHit	Genus_NoHit	Genus_NoHit_Species_NoHit	XX123456.1	0.0	undetermined	undetermined
71	Pythiales	Pythiaceae	Pythiaceae_Genus_NoHit	Pythiaceae_Species_NoHit	HQ643697.2	87.3	undetermined	undetermined
125	Saprolegniales	Saprolegniaceae	Achlya	Achlya_ornata	KP098346.1	100.0	hemibiotroph	undetermined
121	Pythiales	Pythiaceae	Pythiaceae_Genus_NoHit	Pythiaceae_Species_NoHit	AY598649.2	87.2	undetermined	undetermined
171	Order_NoHit	Family_NoHit	Genus_NoHit	Genus_NoHit_Species_NoHit	XX123456.1	0.0	undetermined	undetermined
174	Order_NoHit	Family_NoHit	Genus_NoHit	Genus_NoHit_Species_NoHit	XX123456.1	0.0	undetermined	undetermined
78	Pythiales	Pythiaceae	Pythium	Pythium_monospermum	HQ643697.2	96.1	hemibiotroph	Plantae
120	Order_NoHit	Family_NoHit	Genus_NoHit	Genus_NoHit_Species_NoHit	XX123456.1	0.0	undetermined	undetermined
157	Pythiales	Pythiaceae	Pythium	Pythium_Species_NoHit	HQ643697.2	94.2	hemibiotroph	Plantae
132	Order_NoHit	Family_NoHit	Genus_NoHit	Genus_NoHit_Species_NoHit	XX123456.1	0.0	undetermined	undetermined
74	Pythiales	Pythiaceae	Pythium	Pythium_Species_NoHit	KU715057.1	100.0	hemibiotroph	Plantae
105	Saprolegniales	Saprolegniaceae	Aphanomyces	Aphanomyces_Species_NoHit	KT935285.1	94.0	undetermined	undetermined
76	Pythiales	Pythiaceae	Pythium	Pythium_heterothallicum	AY598654.2	100.0	hemibiotroph	Plantae
189	Order_NoHit	Family_NoHit	Genus_NoHit	Genus_NoHit_Species_NoHit	XX123456.1	0.0	undetermined	undetermined
85	Peronosporales	Peronosporaceae	Peronospora	Peronospora_Species_NoHit	KP271924.1	93.8	obligate biotroph	Plantae
126	Peronosporales	Peronosporaceae	Phytophthora	Phytophthora_infestans	KU992300.1	100.0	hemibiotroph	Plantae
149	Albuginales	Albuginales_Family_NoHit	Albuginales_Genus_NoHit	Albuginales_Species_NoHit	FJ234425.1	76.9	undetermined	undetermined
109	Saprolegniales	Saprolegniales_Family_NoHit	Saprolegniales_Genus_NoHit	Saprolegniales_Species_NoHit	KT935287.1	70.4	undetermined	undetermined
77	Peronosporales	Peronosporaceae	Hyaloperonospora	Hyaloperonospora_parasitica	AY211000.1	97.5	obligate biotroph	Plantae
119	Pythiales	Pythiales_Family_NoHit	Pythiales_Genus_NoHit	Pythiales_Species_NoHit	KY785396.1	75.0	undetermined	undetermined
168	Order_NoHit	Family_NoHit	Genus_NoHit	Genus_NoHit_Species_NoHit	XX123456.1	0.0	undetermined	undetermined
130	Saprolegniales	Saprolegniales_Family_NoHit	Saprolegniales_Genus_NoHit	Saprolegniales_Species_NoHit	KT935279.1	70.8	undetermined	undetermined
143	Pythiales	Pythiaceae	Pythium	Pythium_Species_NoHit	AY598674.2	90.2	hemibiotroph	Plantae
97	Peronosporales	Peronosporaceae	Peronospora	Peronospora_Species_NoHit	GQ421459.1	90.9	obligate biotroph	Plantae
124	Pythiales	Pythiaceae	Pythium	Pythium_hydnosporum	AY598672.2	100.0	hemibiotroph	Plantae
117	Lagenidiales	Lagenidiales_Family_NoHit	Lagenidiales_Genus_NoHit	Lagenidiales_Species_NoHit	KJ716873.1	76.9	undetermined	undetermined
113	Pythiales	Pythiaceae	Pythiaceae_Genus_NoHit	Pythiaceae_Species_NoHit	HQ643697.2	87.7	undetermined	undetermined
148	Peronosporales	Peronosporaceae	Phytophthora	Phytophthora_plurivora	KT383059.2	100.0	hemibiotroph	Plantae
110	Peronosporales	Peronosporaceae	Peronospora	Peronospora_effusa	MG782843.1	96.2	obligate biotroph	Plantae
107	Peronosporales	Peronosporaceae	Peronospora	Peronospora_Species_NoHit	KP271924.1	92.1	obligate biotroph	Plantae
92	Peronosporales	Peronosporaceae	Peronosporaceae_Genus_NoHit	Peronosporaceae_Species_NoHit	KP271924.1	87.6	undetermined	undetermined
104	Peronosporales	Peronosporaceae	Pseudoperonospora	Pseudoperonospora_cubensis	AY198306.3	95.0	obligate biotroph	Plantae
246	Order_NoHit	Family_NoHit	Genus_NoHit	Genus_NoHit_Species_NoHit	XX123456.1	0.0	undetermined	undetermined
221	Order_NoHit	Family_NoHit	Genus_NoHit	Genus_NoHit_Species_NoHit	XX123456.1	0.0	undetermined	undetermined
103	Peronosporales	Peronosporaceae	Bremia	Bremia_picridis	KT249135.1	100.0	obligate biotroph	Plantae
123	Peronosporales	Peronosporaceae	Peronospora	Peronospora_trigonellae	GQ421459.1	97.1	obligate biotroph	Plantae
209	Order_NoHit	Family_NoHit	Genus_NoHit	Genus_NoHit_Species_NoHit	XX123456.1	0.0	undetermined	undetermined
152	Pythiales	Pythiaceae	Pythium	Pythium_monospermum	HQ643697.2	97.1	hemibiotroph	Plantae
175	Order_NoHit	Family_NoHit	Genus_NoHit	Genus_NoHit_Species_NoHit	XX123456.1	0.0	undetermined	undetermined
133	Peronosporales	Peronosporaceae	Peronospora	Peronospora_Species_NoHit	MF319537.1	92.1	obligate biotroph	Plantae
135	Peronosporales	Peronosporaceae	Hyaloperonospora	Hyaloperonospora_Species_NoHit	AY198250.3	92.9	obligate biotroph	Plantae
141	Peronosporales	Peronosporaceae	Bremia	Bremia_taraxaci	KT249104.1	100.0	obligate biotroph	Plantae
142	Peronosporales	Peronosporaceae	Hyaloperonospora	Hyaloperonospora_brassicae	EU049211.1	97.5	obligate biotroph	Plantae
164	Saprolegniales	Saprolegniales_Family_NoHit	Saprolegniales_Genus_NoHit	Saprolegniales_Species_NoHit	KT935286.1	72.4	undetermined	undetermined
151	Pythiales	Pythiaceae	Pythiaceae_Genus_NoHit	Pythiaceae_Species_NoHit	AY598649.2	86.8	undetermined	undetermined
99	Pythiales	Pythiaceae	Pythiaceae_Genus_NoHit	Pythiaceae_Species_NoHit	AY598696.2	85.1	undetermined	undetermined
154	Pythiales	Pythiaceae	Pythium	Pythium_apiculatum	HQ643443.2	98.4	hemibiotroph	Plantae
95	Pythiales	Pythiaceae	Pythium	Pythium_sylvaticum	AY598645.2	100.0	hemibiotroph	Plantae
183	Pythiales	Pythiaceae	Pythium	Pythium_Species_NoHit	KX266867.1	91.8	hemibiotroph	Plantae
162	Peronosporales	Peronosporaceae	Peronospora	Peronospora_Species_NoHit	KP271924.1	95.8	obligate biotroph	Plantae
115	Pythiales	Pythiaceae	Pythiaceae_Genus_NoHit	Pythiaceae_Species_NoHit	AY598696.2	89.8	undetermined	undetermined
139	Pythiales	Pythiaceae	Pythiaceae_Genus_NoHit	Pythiaceae_Species_NoHit	MG799186.1	85.1	undetermined	undetermined
129	Pythiales	Pythiaceae	Pythium	Pythium_rostratifingens	KU211247.1	99.4	hemibiotroph	Plantae
167	Peronosporales	Peronosporaceae	Peronospora	Peronospora_Species_NoHit	KP271924.1	92.1	obligate biotroph	Plantae
276	Order_NoHit	Family_NoHit	Genus_NoHit	Genus_NoHit_Species_NoHit	XX123456.1	0.0	undetermined	undetermined
170	Peronosporales	Peronosporaceae	Hyaloperonospora	Hyaloperonospora_Species_NoHit	AY198253.3	93.7	obligate biotroph	Plantae
206	Peronosporales	Peronosporaceae	Peronosporaceae_Genus_NoHit	Peronosporaceae_Species_NoHit	MF319537.1	86.2	undetermined	undetermined
212	Pythiales	Pythiaceae	Pythium	Pythium_sulcatum	DQ528745.1	95.9	hemibiotroph	Plantae
179	Peronosporales	Peronosporaceae	Peronosporaceae_Genus_NoHit	Peronosporaceae_Species_NoHit	AY198300.3	86.2	undetermined	undetermined
196	Order_NoHit	Family_NoHit	Genus_NoHit	Genus_NoHit_Species_NoHit	XX123456.1	0.0	undetermined	undetermined
159	Pythiales	Pythiaceae	Pythium	Pythium_rostratifingens	HQ643761.2	100.0	hemibiotroph	Plantae
172	Peronosporales	Peronosporaceae	Phytophthora	Phytophthora_syringae	EU244851.1	98.7	hemibiotroph	Plantae
211	Pythiales	Pythiales_Family_NoHit	Pythiales_Genus_NoHit	Pythiales_Species_NoHit	KY785396.1	75.6	undetermined	undetermined
275	Saprolegniales	Saprolegniales_Family_NoHit	Saprolegniales_Genus_NoHit	Saprolegniales_Species_NoHit	KP098343.1	73.6	undetermined	undetermined
210	Peronosporales	Peronosporaceae	Peronosporaceae_Genus_NoHit	Peronosporaceae_Species_NoHit	MG782843.1	87.0	undetermined	undetermined
269	Peronosporales	Peronosporaceae	Peronospora	Peronospora_calotheca	AY198298.3	100.0	obligate biotroph	Plantae
192	Peronosporales	Peronosporaceae	Peronosporaceae_Genus_NoHit	Peronosporaceae_Species_NoHit	KP271924.1	86.1	undetermined	undetermined
220	Order_NoHit	Family_NoHit	Genus_NoHit	Genus_NoHit_Species_NoHit	XX123456.1	0.0	undetermined	undetermined
190	Peronosporales	Peronosporaceae	Peronospora	Peronospora_Species_NoHit	KP271924.1	97.5	obligate biotroph	Plantae
201	Peronosporales	Peronosporaceae	Perofascia	Perofascia_lepidii	AY211013.1	100.0	undetermined	undetermined
231	Pythiales	Pythiaceae	Pythium	Pythium_Species_NoHit	HQ643697.2	94.2	hemibiotroph	Plantae
200	Peronosporales	Peronosporaceae	Peronosporaceae_Genus_NoHit	Peronosporaceae_Species_NoHit	AY198253.3	86.6	undetermined	undetermined
224	Albuginales	Albuginaceae	Albugo	Albugo_lepidii	KM068790.1	100.0	obligate biotroph	Plantae
215	Peronosporales	Peronosporaceae	Plasmopara	Plasmopara_nivea	EF553508.1	100.0	obligate biotroph	Plantae
240	Pythiales	Pythiaceae	Pythiaceae_Genus_NoHit	Pythiaceae_Species_NoHit	HQ643697.2	82.8	undetermined	undetermined
254	Pythiales	Pythiaceae	Pythium	Pythium_Species_NoHit	KU211309.1	94.6	hemibiotroph	Plantae
253	Saprolegniales	Saprolegniales_Family_NoHit	Saprolegniales_Genus_NoHit	Saprolegniales_Species_NoHit	KT935286.1	73.2	undetermined	undetermined
232	Pythiales	Pythiaceae	Pythium	Pythium_heterothallicum	KF181456.1	98.2	hemibiotroph	Plantae
251	Pythiales	Pythiaceae	Pythiaceae_Genus_NoHit	Pythiaceae_Species_NoHit	HQ643697.2	85.4	undetermined	undetermined
271	Saprolegniales	Saprolegniaceae	Saprolegniaceae_Genus_NoHit	Saprolegniaceae_Species_NoHit	FJ794896.1	83.2	undetermined	undetermined
177	Pythiales	Pythiaceae	Pythium	Pythium_pleroticum	AY598642.2	100.0	hemibiotroph	Plantae
258	Pythiales	Pythiaceae	Pythiaceae_Genus_NoHit	Pythiaceae_Species_NoHit	HQ643697.2	85.5	undetermined	undetermined
316	Saprolegniales	Saprolegniaceae	Saprolegniaceae_Genus_NoHit	Saprolegniaceae_Species_NoHit	FJ794896.1	83.2	undetermined	undetermined
277	Saprolegniales	Saprolegniaceae	Leptolegnia	Leptolegnia_Species_NoHit	KT935279.1	93.2	saprotroph	Metazoa
237	Peronosporales	Peronosporaceae	Hyaloperonospora	Hyaloperonospora_Species_NoHit	AY210994.1	91.1	obligate biotroph	Plantae
272	incertae_sedis	Lagenaceae	Lagenaceae_Genus_NoHit	Lagenaceae_Species_NoHit	KJ716869.1	86.5	undetermined	undetermined
346	Order_NoHit	Family_NoHit	Genus_NoHit	Genus_NoHit_Species_NoHit	XX123456.1	0.0	undetermined	undetermined
243	Peronosporales	Peronosporaceae	Bremia	Bremia_lactucae	DQ235796.1	100.0	obligate biotroph	Plantae
381	Order_NoHit	Family_NoHit	Genus_NoHit	Genus_NoHit_Species_NoHit	XX123456.1	0.0	undetermined	undetermined
247	Peronosporales	Peronosporaceae	Peronospora	Peronospora_hiemalis	KM058097.1	97.5	obligate biotroph	Plantae
332	Order_NoHit	Family_NoHit	Genus_NoHit	Genus_NoHit_Species_NoHit	XX123456.1	0.0	undetermined	undetermined
287	Saprolegniales	Saprolegniales_Family_NoHit	Saprolegniales_Genus_NoHit	Saprolegniales_Species_NoHit	KT935286.1	71.9	undetermined	undetermined
219	Pythiales	Pythiaceae	Pythiaceae_Genus_NoHit	Pythiaceae_Species_NoHit	AY598707.2	84.5	undetermined	undetermined
245	Myzocytiopsidales	Myzocytiopsidales_Family_NoHit	Myzocytiopsidales_Genus_NoHit	Myzocytiopsidales_Species_NoHit	KT257373.1	73.0	undetermined	undetermined
409	Order_NoHit	Family_NoHit	Genus_NoHit	Genus_NoHit_Species_NoHit	XX123456.1	0.0	undetermined	undetermined
252	Order_NoHit	Family_NoHit	Genus_NoHit	Genus_NoHit_Species_NoHit	XX123456.1	0.0	undetermined	undetermined
293	Pythiales	Pythiaceae	Pythium	Pythium_volutum	KX266867.1	99.0	hemibiotroph	Plantae
291	Peronosporales	Peronosporaceae	Phytophthora	Phytophthora_cactorum	GU111587.1	100.0	hemibiotroph	Plantae
282	Peronosporales	Peronosporaceae	Peronosporaceae_Genus_NoHit	Peronosporaceae_Species_NoHit	AY198253.3	88.3	undetermined	undetermined
279	Pythiales	Pythiaceae	Globisporangium	Globisporangium_ultimum	KU746661.2	100.0	obligate biotroph	Plantae
342	Peronosporales	Peronosporaceae	Peronospora	Peronospora_radii	MF319537.1	99.6	obligate biotroph	Plantae
309	Order_NoHit	Family_NoHit	Genus_NoHit	Genus_NoHit_Species_NoHit	XX123456.1	0.0	undetermined	undetermined
313	Saprolegniales	Saprolegniales_Family_NoHit	Saprolegniales_Genus_NoHit	Saprolegniales_Species_NoHit	KP098350.1	74.9	undetermined	undetermined
310	Order_NoHit	Family_NoHit	Genus_NoHit	Genus_NoHit_Species_NoHit	XX123456.1	0.0	undetermined	undetermined
302	Peronosporales	Peronosporaceae	Peronospora	Peronospora_Species_NoHit	MG782843.1	92.9	obligate biotroph	Plantae
301	Order_NoHit	Family_NoHit	Genus_NoHit	Genus_NoHit_Species_NoHit	XX123456.1	0.0	undetermined	undetermined
304	Peronosporales	Peronosporaceae	Peronospora	Peronospora_Species_NoHit	MF319537.1	94.1	obligate biotroph	Plantae
419	Saprolegniales	Saprolegniaceae	Saprolegniaceae_Genus_NoHit	Saprolegniaceae_Species_NoHit	FJ794896.1	80.5	undetermined	undetermined
308	Peronosporales	Peronosporaceae	Hyaloperonospora	Hyaloperonospora_parasitica	AY210993.1	97.9	obligate biotroph	Plantae
434	Order_NoHit	Family_NoHit	Genus_NoHit	Genus_NoHit_Species_NoHit	XX123456.1	0.0	undetermined	undetermined
341	Order_NoHit	Family_NoHit	Genus_NoHit	Genus_NoHit_Species_NoHit	XX123456.1	0.0	undetermined	undetermined
377	Order_NoHit	Family_NoHit	Genus_NoHit	Genus_NoHit_Species_NoHit	XX123456.1	0.0	undetermined	undetermined
418	Saprolegniales	Saprolegniaceae	Saprolegniaceae_Genus_NoHit	Saprolegniaceae_Species_NoHit	FJ794896.1	84.0	undetermined	undetermined
317	incertae_sedis	Lagenaceae	Lagena	Lagena_radicicola	KJ716869.1	96.5	obligate biotroph	Plantae
311	Order_NoHit	Family_NoHit	Genus_NoHit	Genus_NoHit_Species_NoHit	XX123456.1	0.0	undetermined	undetermined
322	Peronosporales	Peronosporaceae	Peronospora	Peronospora_Species_NoHit	MG782843.1	93.7	obligate biotroph	Plantae
351	Albuginales	Albuginaceae	Albugo	Albugo_lepidii	KM068790.1	96.8	obligate biotroph	Plantae
326	Peronosporales	Peronosporaceae	Peronospora	Peronospora_Species_NoHit	MG782843.1	94.1	obligate biotroph	Plantae
327	Peronosporales	Peronosporaceae	Peronospora	Peronospora_corydalis	AY211016.1	96.7	obligate biotroph	Plantae
384	Albuginales	Albuginaceae	Albugo	Albugo_candida	MG818922.1	99.1	obligate biotroph	Plantae
331	Peronosporales	Peronosporaceae	Peronospora	Peronospora_Species_NoHit	MF693896.1	97.9	obligate biotroph	Plantae
338	Peronosporales	Peronosporaceae	Peronospora	Peronospora_effusa	MG782843.1	98.7	obligate biotroph	Plantae
366	Pythiales	Pythiaceae	Pythium	Pythium_Species_NoHit	EF583441.1	93.3	hemibiotroph	Plantae
479	Order_NoHit	Family_NoHit	Genus_NoHit	Genus_NoHit_Species_NoHit	XX123456.1	0.0	undetermined	undetermined
371	Pythiales	Pythiaceae	Pythium	Pythium_Species_NoHit	KU210844.1	92.2	hemibiotroph	Plantae
463	Order_NoHit	Family_NoHit	Genus_NoHit	Genus_NoHit_Species_NoHit	XX123456.1	0.0	undetermined	undetermined
370	Pythiales	Pythiaceae	Pythium	Pythium_Species_NoHit	KU211309.1	94.6	hemibiotroph	Plantae
389	Pythiales	Pythiaceae	Pythium	Pythium_coloratum	MF769578.1	100.0	hemibiotroph	Plantae
340	Pythiales	Pythiaceae	Globisporangium	Globisporangium_intermedium	DQ528742.1	99.2	obligate biotroph	Plantae
513	Order_NoHit	Family_NoHit	Genus_NoHit	Genus_NoHit_Species_NoHit	XX123456.1	0.0	undetermined	undetermined
357	Order_NoHit	Family_NoHit	Genus_NoHit	Genus_NoHit_Species_NoHit	XX123456.1	0.0	undetermined	undetermined
354	Peronosporales	Peronosporaceae	Bremia	Bremia_cirsii	KT249133.1	100.0	obligate biotroph	Plantae
484	Saprolegniales	Saprolegniaceae	Saprolegniaceae_Genus_NoHit	Saprolegniaceae_Species_NoHit	FJ794891.1	85.8	undetermined	undetermined
360	Pythiales	Pythiaceae	Pythium	Pythium_heterothallicum	MK794844.1	99.1	hemibiotroph	Plantae
393	Pythiales	Pythiales_Family_NoHit	Pythiales_Genus_NoHit	Pythiales_Species_NoHit	MK794940.1	74.8	undetermined	undetermined
411	Saprolegniales	Saprolegniaceae	Saprolegniaceae_Genus_NoHit	Saprolegniaceae_Species_NoHit	FJ794896.1	83.6	undetermined	undetermined
387	Pythiales	Pythiaceae	Pythium	Pythium_heterothallicum	KF181456.1	99.1	hemibiotroph	Plantae
376	Peronosporales	Peronosporaceae	Peronospora	Peronospora_Species_NoHit	MF319537.1	90.0	obligate biotroph	Plantae
362	Myzocytiopsidales	Myzocytiopsidaceae	Myzocytiopsis	Myzocytiopsis_subuliformis	KT257367.1	95.0	hemibiotroph	Metazoa
379	Peronosporales	Peronosporaceae	Peronospora	Peronospora_calotheca	AY198298.3	95.0	obligate biotroph	Plantae
552	Order_NoHit	Family_NoHit	Genus_NoHit	Genus_NoHit_Species_NoHit	XX123456.1	0.0	undetermined	undetermined
412	Saprolegniales	Saprolegniaceae	Pythiopsis	Pythiopsis_humphreyana	KP098343.1	100.0	saprotroph	undetermined
364	Order_NoHit	Family_NoHit	Genus_NoHit	Genus_NoHit_Species_NoHit	XX123456.1	0.0	undetermined	undetermined
391	Peronosporales	Peronosporaceae	Peronospora	Peronospora_Species_NoHit	KP271924.1	98.8	obligate biotroph	Plantae
397	Peronosporales	Peronosporaceae	Peronospora	Peronospora_ervi	AY198232.2	99.2	obligate biotroph	Plantae
358	Pythiales	Pythiaceae	Pythiaceae_Genus_NoHit	Pythiaceae_Species_NoHit	AY598706.2	88.6	undetermined	undetermined
369	Pythiales	Pythiaceae	Phytopythium	Phytopythium_vexans	KP183944.1	96.2	saprotroph	Plantae
475	Saprolegniales	Saprolegniaceae	Saprolegniaceae_Genus_NoHit	Saprolegniaceae_Species_NoHit	AY455774.1	85.7	undetermined	undetermined
390	Pythiales	Pythiaceae	Pythiaceae_Genus_NoHit	Pythiaceae_Species_NoHit	AY598707.2	84.1	undetermined	undetermined
350	Pythiales	Pythiaceae	Pythium	Pythium_macrosporum	AY598646.2	100.0	hemibiotroph	Plantae
432	Pythiales	Pythiaceae	Pythiaceae_Genus_NoHit	Pythiaceae_Species_NoHit	MF446696.1	84.3	undetermined	undetermined
413	Peronosporales	Peronosporaceae	Peronospora	Peronospora_trigonellae	GQ421459.1	95.4	obligate biotroph	Plantae
440	Saprolegniales	Saprolegniales_Family_NoHit	Saprolegniales_Genus_NoHit	Saprolegniales_Species_NoHit	KP098343.1	73.0	undetermined	undetermined
578	Order_NoHit	Family_NoHit	Genus_NoHit	Genus_NoHit_Species_NoHit	XX123456.1	0.0	undetermined	undetermined
422	Peronosporales	Peronosporaceae	Peronospora	Peronospora_aparines	AY198300.3	99.2	obligate biotroph	Plantae
426	Pythiales	Pythiaceae	Pythium	Pythium_Species_NoHit	HQ643697.2	93.2	hemibiotroph	Plantae
490	Peronosporales	Peronosporaceae	Peronospora	Peronospora_trigonellae	GQ421459.1	96.2	obligate biotroph	Plantae
450	Lagenidiales	Lagenidiales_Family_NoHit	Lagenidiales_Genus_NoHit	Lagenidiales_Species_NoHit	KJ716873.1	73.6	undetermined	undetermined
451	Order_NoHit	Family_NoHit	Genus_NoHit	Genus_NoHit_Species_NoHit	XX123456.1	0.0	undetermined	undetermined
438	Peronosporales	Peronosporaceae	Peronospora	Peronospora_Species_NoHit	AY198298.3	92.9	obligate biotroph	Plantae
410	Pythiales	Pythiaceae	Pythiaceae_Genus_NoHit	Pythiaceae_Species_NoHit	MG799186.1	83.9	undetermined	undetermined
424	Order_NoHit	Family_NoHit	Genus_NoHit	Genus_NoHit_Species_NoHit	XX123456.1	0.0	undetermined	undetermined
603	Order_NoHit	Family_NoHit	Genus_NoHit	Genus_NoHit_Species_NoHit	XX123456.1	0.0	undetermined	undetermined
604	Order_NoHit	Family_NoHit	Genus_NoHit	Genus_NoHit_Species_NoHit	XX123456.1	0.0	undetermined	undetermined
606	Order_NoHit	Family_NoHit	Genus_NoHit	Genus_NoHit_Species_NoHit	XX123456.1	0.0	undetermined	undetermined
510	Saprolegniales	Saprolegniaceae	Saprolegniaceae_Genus_NoHit	Saprolegniaceae_Species_NoHit	FJ794896.1	82.5	undetermined	undetermined
595	Saprolegniales	Saprolegniales_Family_NoHit	Saprolegniales_Genus_NoHit	Saprolegniales_Species_NoHit	AY283647.1	79.5	undetermined	undetermined
416	Pythiales	Pythiaceae	Pythium	Pythium_camurandrum	KU210729.1	95.3	hemibiotroph	Plantae
444	Pythiales	Pythiaceae	Pythium	Pythium_Species_NoHit	KX377670.1	92.7	hemibiotroph	Plantae
447	Peronosporales	Peronosporaceae	Peronospora	Peronospora_arborescens	AY695807.1	97.9	obligate biotroph	Plantae
471	Peronosporales	Peronosporaceae	Phytophthora	Phytophthora_sojae	AY590277.1	99.6	hemibiotroph	Plantae
602	Order_NoHit	Family_NoHit	Genus_NoHit	Genus_NoHit_Species_NoHit	XX123456.1	0.0	undetermined	undetermined
500	Peronosporales	Peronosporaceae	Peronospora	Peronospora_corydalis	AY211016.1	97.9	obligate biotroph	Plantae
610	Order_NoHit	Family_NoHit	Genus_NoHit	Genus_NoHit_Species_NoHit	XX123456.1	0.0	undetermined	undetermined
612	Saprolegniales	Saprolegniaceae	Saprolegniaceae_Genus_NoHit	Saprolegniaceae_Species_NoHit	FJ794891.1	84.7	undetermined	undetermined
583	Order_NoHit	Family_NoHit	Genus_NoHit	Genus_NoHit_Species_NoHit	XX123456.1	0.0	undetermined	undetermined
453	Myzocytiopsidales	Myzocytiopsidales_Family_NoHit	Myzocytiopsidales_Genus_NoHit	Myzocytiopsidales_Species_NoHit	KT257373.1	76.1	undetermined	undetermined
462	Peronosporales	Peronosporaceae	Hyaloperonospora	Hyaloperonospora_brassicae	JF975613.1	98.3	obligate biotroph	Plantae
449	Pythiales	Pythiaceae	Pythiaceae_Genus_NoHit	Pythiaceae_Species_NoHit	AY598649.2	84.2	undetermined	undetermined
534	Albuginales	Albuginales_Family_NoHit	Albuginales_Genus_NoHit	Albuginales_Species_NoHit	FJ234425.1	75.1	undetermined	undetermined
468	Peronosporales	Peronosporaceae	Hyaloperonospora	Hyaloperonospora_Species_NoHit	AY198250.3	91.7	obligate biotroph	Plantae
639	Saprolegniales	Saprolegniaceae	Saprolegniaceae_Genus_NoHit	Saprolegniaceae_Species_NoHit	FJ794892.1	84.2	undetermined	undetermined
505	Pythiales	Pythiaceae	Pythium	Pythium_Species_NoHit	HQ643697.2	93.7	hemibiotroph	Plantae
501	Pythiales	Pythiaceae	Pythium	Pythium_conidiophorum	KU211309.1	100.0	hemibiotroph	Plantae
481	Pythiales	Pythiaceae	Pythium	Pythium_vanterpoolii	AY598685.2	99.5	hemibiotroph	Plantae
614	Order_NoHit	Family_NoHit	Genus_NoHit	Genus_NoHit_Species_NoHit	XX123456.1	0.0	undetermined	undetermined
478	Peronosporales	Peronosporaceae	Peronospora	Peronospora_Species_NoHit	MF319537.1	91.7	obligate biotroph	Plantae
557	Peronosporales	Peronosporaceae	Hyaloperonospora	Hyaloperonospora_parasitica	AY210994.1	99.1	obligate biotroph	Plantae
686	Order_NoHit	Family_NoHit	Genus_NoHit	Genus_NoHit_Species_NoHit	XX123456.1	0.0	undetermined	undetermined
690	Order_NoHit	Family_NoHit	Genus_NoHit	Genus_NoHit_Species_NoHit	XX123456.1	0.0	undetermined	undetermined
524	Pythiales	Pythiales_Family_NoHit	Pythiales_Genus_NoHit	Pythiales_Species_NoHit	MF446696.1	79.9	undetermined	undetermined
675	Order_NoHit	Family_NoHit	Genus_NoHit	Genus_NoHit_Species_NoHit	XX123456.1	0.0	undetermined	undetermined
697	Order_NoHit	Family_NoHit	Genus_NoHit	Genus_NoHit_Species_NoHit	XX123456.1	0.0	undetermined	undetermined
562	Saprolegniales	Saprolegniales_Family_NoHit	Saprolegniales_Genus_NoHit	Saprolegniales_Species_NoHit	KT935286.1	74.1	undetermined	undetermined
669	Order_NoHit	Family_NoHit	Genus_NoHit	Genus_NoHit_Species_NoHit	XX123456.1	0.0	undetermined	undetermined
594	Pythiales	Pythiaceae	Pythium	Pythium_porphyrae	MH040917.1	99.5	hemibiotroph	Plantae
568	Pythiales	Pythiaceae	Pythium	Pythium_Species_NoHit	EF583441.1	98.4	hemibiotroph	Plantae
538	Myzocytiopsidales	Myzocytiopsidales_Family_NoHit	Myzocytiopsidales_Genus_NoHit	Myzocytiopsidales_Species_NoHit	KT257374.1	73.9	undetermined	undetermined
567	Lagenidiales	Lagenidiaceae	Lagenidium	Lagenidium_Species_NoHit	KC741470.1	100.0	hemibiotroph	Metazoa
517	Myzocytiopsidales	Myzocytiopsidales_Family_NoHit	Myzocytiopsidales_Genus_NoHit	Myzocytiopsidales_Species_NoHit	KT257373.1	75.9	undetermined	undetermined
528	Peronosporales	Peronosporaceae	Peronospora	Peronospora_aparines	AY198300.3	99.2	obligate biotroph	Plantae
573	Pythiales	Pythiales_Family_NoHit	Pythiales_Genus_NoHit	Pythiales_Species_NoHit	KX266867.1	75.8	undetermined	undetermined
745	Order_NoHit	Family_NoHit	Genus_NoHit	Genus_NoHit_Species_NoHit	XX123456.1	0.0	undetermined	undetermined
526	Pythiales	Pythiaceae	Phytopythium	Phytopythium_Species_NoHit	HQ643389.2	90.7	saprotroph	Plantae
729	Order_NoHit	Family_NoHit	Genus_NoHit	Genus_NoHit_Species_NoHit	XX123456.1	0.0	undetermined	undetermined
550	Peronosporales	Peronosporaceae	Perofascia	Perofascia_lepidii	AY211013.1	99.1	undetermined	undetermined
540	Myzocytiopsidales	Myzocytiopsidaceae	Myzocytiopsidaceae_Genus_NoHit	Myzocytiopsidaceae_Species_NoHit	KT257373.1	81.5	undetermined	undetermined
653	Order_NoHit	Family_NoHit	Genus_NoHit	Genus_NoHit_Species_NoHit	XX123456.1	0.0	undetermined	undetermined
520	Myzocytiopsidales	Myzocytiopsidales_Family_NoHit	Myzocytiopsidales_Genus_NoHit	Myzocytiopsidales_Species_NoHit	KT257373.1	76.8	undetermined	undetermined
572	Peronosporales	Peronosporaceae	Plasmopara	Plasmopara_pusilla	HM004512.1	100.0	obligate biotroph	Plantae
473	Pythiales	Pythiaceae	Pythium	Pythium_Species_NoHit	AY598696.2	92.1	hemibiotroph	Plantae
581	Saprolegniales	Saprolegniaceae	Pythiopsis	Pythiopsis_Species_NoHit	KP098348.1	93.0	saprotroph	undetermined
574	Order_NoHit	Family_NoHit	Genus_NoHit	Genus_NoHit_Species_NoHit	XX123456.1	0.0	undetermined	undetermined
576	Peronosporales	Peronosporaceae	Peronospora	Peronospora_aparines	AY198300.3	97.0	obligate biotroph	Plantae
546	Pythiales	Pythiaceae	Pythium	Pythium_Species_NoHit	KU210729.1	92.3	hemibiotroph	Plantae
596	Peronosporales	Peronosporaceae	Plasmopara	Plasmopara_Species_NoHit	EF553514.1	91.1	obligate biotroph	Plantae
584	Pythiales	Pythiaceae	Pythiaceae_Genus_NoHit	Pythiaceae_Species_NoHit	HQ643697.2	88.6	undetermined	undetermined
564	Pythiales	Pythiaceae	Pythium	Pythium_parvum	AY598697.2	100.0	hemibiotroph	Plantae
588	Peronosporales	Peronosporaceae	Peronosporaceae_Genus_NoHit	Peronosporaceae_Species_NoHit	MF319537.1	89.6	undetermined	undetermined
620	Pythiales	Pythiales_Family_NoHit	Pythiales_Genus_NoHit	Pythiales_Species_NoHit	MF446696.1	79.8	undetermined	undetermined
768	Saprolegniales	Saprolegniaceae	Pythiopsis	Pythiopsis_intermedia	KP098348.1	95.1	saprotroph	undetermined
703	Order_NoHit	Family_NoHit	Genus_NoHit	Genus_NoHit_Species_NoHit	XX123456.1	0.0	undetermined	undetermined
609	Pythiales	Pythiales_Family_NoHit	Pythiales_Genus_NoHit	Pythiales_Species_NoHit	AY598709.2	72.8	undetermined	undetermined
748	Order_NoHit	Family_NoHit	Genus_NoHit	Genus_NoHit_Species_NoHit	XX123456.1	0.0	undetermined	undetermined
625	Peronosporales	Peronosporaceae	Peronospora	Peronospora_corydalis	AY211016.1	95.5	obligate biotroph	Plantae
627	Peronosporales	Peronosporaceae	Peronosporaceae_Genus_NoHit	Peronosporaceae_Species_NoHit	MF319537.1	88.3	undetermined	undetermined
638	Pythiales	Pythiaceae	Pythium	Pythium_Species_NoHit	KU715057.1	99.1	hemibiotroph	Plantae
635	Peronosporales	Peronosporales_Family_NoHit	Peronosporales_Genus_NoHit	Peronosporales_Species_NoHit	KP271924.1	79.2	undetermined	undetermined
598	Order_NoHit	Family_NoHit	Genus_NoHit	Genus_NoHit_Species_NoHit	XX123456.1	0.0	undetermined	undetermined
681	Pythiales	Pythiaceae	Pythiaceae_Genus_NoHit	Pythiaceae_Species_NoHit	KU210844.1	86.7	undetermined	undetermined
723	Peronosporales	Peronosporaceae	Hyaloperonospora	Hyaloperonospora_praecox	GU583836.1	97.9	obligate biotroph	Plantae
670	Pythiales	Pythiaceae	Pythium	Pythium_Species_NoHit	MK795007.1	100.0	hemibiotroph	Plantae
809	Order_NoHit	Family_NoHit	Genus_NoHit	Genus_NoHit_Species_NoHit	XX123456.1	0.0	undetermined	undetermined
647	Peronosporales	Peronosporaceae	Peronospora	Peronospora_Species_NoHit	AY198298.3	93.4	obligate biotroph	Plantae
671	Order_NoHit	Family_NoHit	Genus_NoHit	Genus_NoHit_Species_NoHit	XX123456.1	0.0	undetermined	undetermined
858	Order_NoHit	Family_NoHit	Genus_NoHit	Genus_NoHit_Species_NoHit	XX123456.1	0.0	undetermined	undetermined
644	Peronosporales	Peronosporaceae	Hyaloperonospora	Hyaloperonospora_Species_NoHit	AY210983.1	90.4	obligate biotroph	Plantae
666	Peronosporales	Peronosporaceae	Peronospora	Peronospora_aparines	AY198300.3	96.7	obligate biotroph	Plantae
636	Pythiales	Pythiaceae	Pythiaceae_Genus_NoHit	Pythiaceae_Species_NoHit	MF446696.1	88.2	undetermined	undetermined
712	Pythiales	Pythiaceae	Pythiaceae_Genus_NoHit	Pythiaceae_Species_NoHit	KY785396.1	80.0	undetermined	undetermined
715	Saprolegniales	Saprolegniales_Family_NoHit	Saprolegniales_Genus_NoHit	Saprolegniales_Species_NoHit	KP098350.1	75.4	undetermined	undetermined
667	Peronosporales	Peronosporaceae	Peronospora	Peronospora_radii	MF319537.1	99.2	obligate biotroph	Plantae
709	Pythiales	Pythiales_Family_NoHit	Pythiales_Genus_NoHit	Pythiales_Species_NoHit	KF420260.1	76.1	undetermined	undetermined
684	Peronosporales	Peronosporaceae	Peronospora	Peronospora_violae	AY198240.3	97.9	obligate biotroph	Plantae
672	Peronosporales	Peronosporaceae	Peronospora	Peronospora_sparsa	EU391654.1	99.2	obligate biotroph	Plantae
843	Order_NoHit	Family_NoHit	Genus_NoHit	Genus_NoHit_Species_NoHit	XX123456.1	0.0	undetermined	undetermined
685	Peronosporales	Peronosporaceae	Bremia	Bremia_lactucae	EF553504.1	99.1	obligate biotroph	Plantae
755	Peronosporales	Peronosporaceae	Peronospora	Peronospora_Species_NoHit	AY198232.2	93.3	obligate biotroph	Plantae
761	Pythiales	Pythiaceae	Pythiaceae_Genus_NoHit	Pythiaceae_Species_NoHit	HQ643697.2	89.1	undetermined	undetermined
707	Peronosporales	Peronosporaceae	Bremia	Bremia_Species_NoHit	KT249134.1	100.0	obligate biotroph	Plantae
806	Order_NoHit	Family_NoHit	Genus_NoHit	Genus_NoHit_Species_NoHit	XX123456.1	0.0	undetermined	undetermined
754	Peronosporales	Peronosporaceae	Peronospora	Peronospora_farinosa	AY211017.1	97.9	obligate biotroph	Plantae
730	Pythiales	Pythiaceae	Pythium	Pythium_heterothallicum	MK794844.1	99.6	hemibiotroph	Plantae
934	Order_NoHit	Family_NoHit	Genus_NoHit	Genus_NoHit_Species_NoHit	XX123456.1	0.0	undetermined	undetermined
737	Pythiales	Pythiaceae	Pythium	Pythium_cucurbitacearum	HQ237482.1	97.3	hemibiotroph	Plantae
722	Peronosporales	Peronosporaceae	Bremia	Bremia_picridis	KT249135.1	99.1	obligate biotroph	Plantae
964	Order_NoHit	Family_NoHit	Genus_NoHit	Genus_NoHit_Species_NoHit	XX123456.1	0.0	undetermined	undetermined
890	Order_NoHit	Family_NoHit	Genus_NoHit	Genus_NoHit_Species_NoHit	XX123456.1	0.0	undetermined	undetermined
726	Peronosporales	Peronosporaceae	Peronospora	Peronospora_Species_NoHit	KP271924.1	96.2	obligate biotroph	Plantae
897	Order_NoHit	Family_NoHit	Genus_NoHit	Genus_NoHit_Species_NoHit	XX123456.1	0.0	undetermined	undetermined
788	Pythiales	Pythiales_Family_NoHit	Pythiales_Genus_NoHit	Pythiales_Species_NoHit	KY785396.1	78.5	undetermined	undetermined
757	Peronosporales	Peronosporaceae	Perofascia	Perofascia_Species_NoHit	AY211013.1	91.9	undetermined	undetermined
779	Peronosporales	Peronosporaceae	Peronospora	Peronospora_Species_NoHit	AY198296.3	90.4	obligate biotroph	Plantae
771	Peronosporales	Peronosporaceae	Peronospora	Peronospora_trigonellae	GQ421459.1	96.7	obligate biotroph	Plantae
753	Peronosporales	Peronosporaceae	Peronosporaceae_Genus_NoHit	Peronosporaceae_Species_NoHit	MF319537.1	87.9	undetermined	undetermined
773	Peronosporales	Peronosporaceae	Hyaloperonospora	Hyaloperonospora_brassicae	JF975613.1	98.7	obligate biotroph	Plantae
772	Pythiales	Pythiaceae	Pythium	Pythium_grandisporangium	AY598692.2	96.0	hemibiotroph	Plantae
794	Order_NoHit	Family_NoHit	Genus_NoHit	Genus_NoHit_Species_NoHit	XX123456.1	0.0	undetermined	undetermined
780	Pythiales	Pythiales_Family_NoHit	Pythiales_Genus_NoHit	Pythiales_Species_NoHit	AY598692.2	79.4	undetermined	undetermined
815	Pythiales	Pythiaceae	Pythium	Pythium_oopapillum	KU209161.1	97.9	hemibiotroph	Plantae
977	Order_NoHit	Family_NoHit	Genus_NoHit	Genus_NoHit_Species_NoHit	XX123456.1	0.0	undetermined	undetermined
800	Order_NoHit	Family_NoHit	Genus_NoHit	Genus_NoHit_Species_NoHit	XX123456.1	0.0	undetermined	undetermined
847	Peronosporales	Peronosporaceae	Peronospora	Peronospora_Species_NoHit	AY198293.3	92.9	obligate biotroph	Plantae
969	Order_NoHit	Family_NoHit	Genus_NoHit	Genus_NoHit_Species_NoHit	XX123456.1	0.0	undetermined	undetermined
782	Pythiales	Pythiaceae	Pythiaceae_Genus_NoHit	Pythiaceae_Species_NoHit	AY598692.2	81.1	undetermined	undetermined
966	Order_NoHit	Family_NoHit	Genus_NoHit	Genus_NoHit_Species_NoHit	XX123456.1	0.0	undetermined	undetermined
801	Peronosporales	Peronosporaceae	Peronospora	Peronospora_Species_NoHit	KP271924.1	97.5	obligate biotroph	Plantae
803	Peronosporales	Peronosporaceae	Peronospora	Peronospora_Species_NoHit	KP271924.1	92.5	obligate biotroph	Plantae
805	Peronosporales	Peronosporaceae	Peronospora	Peronospora_arborescens	AY695807.1	97.1	obligate biotroph	Plantae
1013	Order_NoHit	Family_NoHit	Genus_NoHit	Genus_NoHit_Species_NoHit	XX123456.1	0.0	undetermined	undetermined
946	Order_NoHit	Family_NoHit	Genus_NoHit	Genus_NoHit_Species_NoHit	XX123456.1	0.0	undetermined	undetermined
819	Pythiales	Pythiaceae	Pythium	Pythium_conidiophorum	AY598629.2	100.0	hemibiotroph	Plantae
817	Peronosporales	Peronosporaceae	Peronospora	Peronospora_corydalis	AY211016.1	97.1	obligate biotroph	Plantae
867	Pythiales	Pythiaceae	Pythium	Pythium_Species_NoHit	EF583441.1	99.5	hemibiotroph	Plantae
816	Order_NoHit	Family_NoHit	Genus_NoHit	Genus_NoHit_Species_NoHit	XX123456.1	0.0	undetermined	undetermined
871	Peronosporales	Peronosporaceae	Phytophthora	Phytophthora_meadii	KC247921.1	99.5	hemibiotroph	Plantae
888	Saprolegniales	Saprolegniaceae	Saprolegniaceae_Genus_NoHit	Saprolegniaceae_Species_NoHit	KT935288.1	88.9	undetermined	undetermined
968	Albuginales	Albuginales_Family_NoHit	Albuginales_Genus_NoHit	Albuginales_Species_NoHit	FJ234425.1	76.5	undetermined	undetermined
909	Pythiales	Pythiales_Family_NoHit	Pythiales_Genus_NoHit	Pythiales_Species_NoHit	MF446696.1	71.3	undetermined	undetermined
923	Order_NoHit	Family_NoHit	Genus_NoHit	Genus_NoHit_Species_NoHit	XX123456.1	0.0	undetermined	undetermined
863	Peronosporales	Peronosporaceae	Bremia	Bremia_lactucae	EF553496.1	99.1	obligate biotroph	Plantae
895	Peronosporales	Peronosporaceae	Peronospora	Peronospora_calotheca	AY198298.3	95.4	obligate biotroph	Plantae
907	Peronosporales	Peronosporaceae	Hyaloperonospora	Hyaloperonospora_parasitica	AY211005.1	98.3	obligate biotroph	Plantae
879	Peronosporales	Peronosporaceae	Peronosporaceae_Genus_NoHit	Peronosporaceae_Species_NoHit	MF319537.1	86.6	undetermined	undetermined
908	Peronosporales	Peronosporaceae	Peronospora	Peronospora_aparines	AY198300.3	99.2	obligate biotroph	Plantae
832	Order_NoHit	Family_NoHit	Genus_NoHit	Genus_NoHit_Species_NoHit	XX123456.1	0.0	undetermined	undetermined
883	Peronosporales	Peronosporaceae	Peronospora	Peronospora_trigonellae	GQ421459.1	96.2	obligate biotroph	Plantae
869	Order_NoHit	Family_NoHit	Genus_NoHit	Genus_NoHit_Species_NoHit	XX123456.1	0.0	undetermined	undetermined
960	Lagenidiales	Lagenidiales_Family_NoHit	Lagenidiales_Genus_NoHit	Lagenidiales_Species_NoHit	KJ716873.1	73.7	undetermined	undetermined
948	Peronosporales	Peronosporaceae	Peronospora	Peronospora_ervi	AY198232.2	98.3	obligate biotroph	Plantae
827	Pythiales	Pythiaceae	Pythiaceae_Genus_NoHit	Pythiaceae_Species_NoHit	AY598696.2	85.1	undetermined	undetermined
1014	Peronosporales	Peronosporaceae	Peronospora	Peronospora_valerianellae	AY198293.3	100.0	obligate biotroph	Plantae
962	Pythiales	Pythiales_Family_NoHit	Pythiales_Genus_NoHit	Pythiales_Species_NoHit	GQ980052.1	74.1	undetermined	undetermined
926	Pythiales	Pythiaceae	Pythium	Pythium_Species_NoHit	EF583445.1	96.5	hemibiotroph	Plantae
880	Pythiales	Pythiaceae	Pythiaceae_Genus_NoHit	Pythiaceae_Species_NoHit	AY598696.2	85.4	undetermined	undetermined
928	Peronosporales	Peronosporaceae	Peronospora	Peronospora_trigonellae	GQ421459.1	95.8	obligate biotroph	Plantae
992	Peronosporales	Peronosporaceae	Peronospora	Peronospora_Species_NoHit	KP271924.1	93.3	obligate biotroph	Plantae
818	Pythiales	Pythiaceae	Pythiaceae_Genus_NoHit	Pythiaceae_Species_NoHit	AY598696.2	85.4	undetermined	undetermined
1012	Order_NoHit	Family_NoHit	Genus_NoHit	Genus_NoHit_Species_NoHit	XX123456.1	0.0	undetermined	undetermined
980	Pythiales	Pythiaceae	Pythiaceae_Genus_NoHit	Pythiaceae_Species_NoHit	HQ643697.2	87.0	undetermined	undetermined
984	Pythiales	Pythiaceae	Pythiaceae_Genus_NoHit	Pythiaceae_Species_NoHit	AY598707.2	83.1	undetermined	undetermined
982	Pythiales	Pythiaceae	Pythiaceae_Genus_NoHit	Pythiaceae_Species_NoHit	MF446696.1	80.9	undetermined	undetermined
997	incertae_sedis	incertae_sedis_Family_NoHit	incertae_sedis_Genus_NoHit	incertae_sedis_Species_NoHit	KJ716869.1	70.4	undetermined	undetermined
999	Peronosporales	Peronosporaceae	Hyaloperonospora	Hyaloperonospora_brassicae	JF975613.1	98.7	obligate biotroph	Plantae
951	Pythiales	Pythiaceae	Pythiaceae_Genus_NoHit	Pythiaceae_Species_NoHit	AY598696.2	84.1	undetermined	undetermined
1018	Peronosporales	Peronosporaceae	Peronospora	Peronospora_Species_NoHit	KP271924.1	93.3	obligate biotroph	Plantae
1011	Pythiales	Pythiaceae	Pythium	Pythium_splendens	AY598655.2	98.3	hemibiotroph	Plantae
994	Peronosporales	Peronosporaceae	Hyaloperonospora	Hyaloperonospora_Species_NoHit	AY198250.3	90.4	obligate biotroph	Plantae
1020	Peronosporales	Peronosporaceae	Peronospora	Peronospora_aparines	AY198300.3	98.3	obligate biotroph	Plantae
1010	Pythiales	Pythiales_Family_NoHit	Pythiales_Genus_NoHit	Pythiales_Species_NoHit	AY598672.2	75.6	undetermined	undetermined
1025	Peronosporales	Peronosporaceae	Phytophthora	Phytophthora_syringae	EU244851.1	97.4	hemibiotroph	Plantae
1019	Peronosporales	Peronosporaceae	Peronospora	Peronospora_Species_NoHit	AY198298.3	92.8	obligate biotroph	Plantae
1000	Peronosporales	Peronosporaceae	Peronosporaceae_Genus_NoHit	Peronosporaceae_Species_NoHit	MF446836.1	89.4	undetermined	undetermined
1028	Pythiales	Pythiaceae	Pythiaceae_Genus_NoHit	Pythiaceae_Species_NoHit	AY598696.2	85.1	undetermined	undetermined
