F18_K232_Bl.Fr	GCTTCTAG	GCAGTATC
F18_K232_Tot	GCTTCTAG	ATCACAGC
F18_K439_Bl.Fr	GCTTCTAG	AAGCTCCA
F18_K439_Tot	GCTTCTAG	TCGCGTAA
H18_K232_Bl.Fr	GCTTCTAG	CCTTATCG
H18_K232_Bor	GCTTCTAG	GCATGACA
H18_K232_Det	GCTTCTAG	AGCATGTG
H18_K439_Bod	GCTTCTAG	CATTAAGG
H18_K232_Bod	GCTTCTAG	TACACAGT
H18_K129_Bod	GCTTCTAG	CAAGCTAT
H18_K455_Bod	TAGCTCTG	GCAGTATC
F18_K232_Bor	TAGCTCTG	ACCTGTCA
F18_K232_Det	TAGCTCTG	TACAGCCT
F18_K439_Bor	TAGCTCTG	TTCAGCGA
F18_K439_Det	TAGCTCTG	AAGCCTAG
H18_K232_Hyp	TAGCTCTG	GAGATCGA
H18_K232_Oth	TAGCTCTG	TCCACGTT
H18_K232_Fl	TAGCTCTG	TAAGAGTC
H18_K317_Bod	TAGCTCTG	TACACAGT
F18_K232_Hyp	GGTACTCA	GCAGTATC
H18_K592_Bod	GGTACTCA	ACCTGTCA
F18_K232_Oth	GGTACTCA	ATCACAGC
F18_K232_Fl	GGTACTCA	AAGCTCCA
F18_K439_Hyp	GGTACTCA	TCGCGTAA
F18_K439_Oth	GGTACTCA	CCTTATCG
H18_K439_Bl.Fr	GGTACTCA	GCATGACA
H18_K592_Bl.Fr	GGTACTCA	AGCATGTG
H18_K592_Tot	GGTACTCA	CATTAAGG
H18_K517_Bod	GGTACTCA	CAAGCTAT
F18_K592_Bl.Fr	TGTAGGTC	ACCTGTCA
F18_K592_Tot	TGTAGGTC	TACAGCCT
H18_K733_Bod	TGTAGGTC	AAGCTCCA
F18_K592_Bor	TGTAGGTC	TTCAGCGA
F18_K439_Fl	TGTAGGTC	AAGCCTAG
F18_K455_Bl.Fr	TGTAGGTC	GAGATCGA
H18_K592_Bor	TGTAGGTC	TCCACGTT
H18_K592_Det	TGTAGGTC	TAAGAGTC
H18_K592_Hyp	TGTAGGTC	TACACAGT
F18_K455_Tot	TGCAACCA	GCAGTATC
F18_K770_Bl.Fr	TGCAACCA	ATCACAGC
H18_K770_Bod	TGCAACCA	TACAGCCT
F18_K770_Tot	TGCAACCA	AAGCTCCA
F18_K770_Bor	TGCAACCA	TCGCGTAA
F18_K455_Bor	TGCAACCA	CCTTATCG
H18_K592_Oth	TGCAACCA	GCATGACA
H18_K592_Fl	TGCAACCA	AGCATGTG
H18_K439_Tot	TGCAACCA	CATTAAGG
H18_K439_Laub	TGCAACCA	CAAGCTAT
F18_K455_Det	CAATGCGA	ACCTGTCA
F18_K129_Bl.Fr	CAATGCGA	TACAGCCT
F18_K129_Tot	CAATGCGA	TTCAGCGA
H18_K129_Laub	CAATGCGA	TCGCGTAA
F18_K129_Bor	CAATGCGA	AAGCCTAG
F18_K455_Hyp	CAATGCGA	GAGATCGA
H18_K770_Bl.Fr	CAATGCGA	TCCACGTT
H18_K770_Tot	CAATGCGA	TAAGAGTC
H18_K770_Bor	CAATGCGA	TACACAGT
H18_K770_Det	GCTATTGC	GCAGTATC
F18_K455_Oth	GCTATTGC	ATCACAGC
F18_K592_Det	GCTATTGC	AAGCTCCA
H18_K232_Laub	GCTATTGC	TTCAGCGA
F18_K592_Hyp	GCTATTGC	TCGCGTAA
F18_K455_Fl	GCTATTGC	CCTTATCG
F18_K517_Bl.Fr	GCTATTGC	GCATGACA
H18_K770_Hyp	GCTATTGC	AGCATGTG
H18_K770_Oth	GCTATTGC	CATTAAGG
H18_K455_Laub	GCTATTGC	CAAGCTAT
H18_K770_Fl	AGTAACGG	ACCTGTCA
F18_K517_Tot	AGTAACGG	TACAGCCT
F18_K317_Bl.Fr	AGTAACGG	TTCAGCGA
F18_K317_Tot	AGTAACGG	AAGCCTAG
H18_K317_Laub	AGTAACGG	CCTTATCG
F18_K317_Bor	AGTAACGG	GAGATCGA
F18_K517_Bor	AGTAACGG	TCCACGTT
H18_K439_Bor	AGTAACGG	TAAGAGTC
H18_K129_Bl.Fr	AGTAACGG	TACACAGT
H18_K129_Tot	ACTTCTGA	GCAGTATC
H18_K129_Bor	ACTTCTGA	ATCACAGC
F18_K517_Det	ACTTCTGA	AAGCTCCA
F18_K733_Bl.Fr	ACTTCTGA	TCGCGTAA
H18_K592_Laub	ACTTCTGA	AAGCCTAG
F18_K733_Tot	ACTTCTGA	CCTTATCG
F18_K733_Bor	ACTTCTGA	GCATGACA
F18_K517_Hyp	ACTTCTGA	AGCATGTG
H18_K129_Det	ACTTCTGA	CATTAAGG
H18_K517_Laub	ACTTCTGA	CAAGCTAT
H18_K733_Laub	ACTTAGCA	GCAGTATC
H18_K129_Hyp	ACTTAGCA	ACCTGTCA
H18_K129_Oth	ACTTAGCA	TACAGCCT
F18_K517_Oth	ACTTAGCA	TTCAGCGA
F18_K592_Oth	ACTTAGCA	AAGCCTAG
F18_K592_Fl	ACTTAGCA	GAGATCGA
F18_K517_Fl	ACTTAGCA	TCCACGTT
F18_K439_Bod	ACTTAGCA	TAAGAGTC
H18_K129_Fl	ACTTAGCA	TACACAGT
H18_K439_Det	AACTGTTC	GCAGTATC
H18_K317_Bl.Fr	AACTGTTC	ATCACAGC
H18_K317_Tot	AACTGTTC	AAGCTCCA
F18_K455_Bod	AACTGTTC	TCGCGTAA
F18_K317_Det	AACTGTTC	CCTTATCG
F18_K317_Hyp	AACTGTTC	GCATGACA
H18_K770_Laub	AACTGTTC	TCCACGTT
F18_K317_Oth	AACTGTTC	AGCATGTG
F18_K517_Bod	AACTGTTC	CATTAAGG
H18_K455_Bl.Fr	AACTGTTC	CAAGCTAT
H18_K317_Bor	CATCTTGA	ACCTGTCA
H18_K317_Det	CATCTTGA	TACAGCCT
H18_K317_Hyp	CATCTTGA	TTCAGCGA
F18_K129_Bod	CATCTTGA	AAGCCTAG
F18_K317_Bod	CATCTTGA	GAGATCGA
H18_K517_Bl.Fr	CATCTTGA	GCATGACA
F18_K770_Det	CATCTTGA	TCCACGTT
F18_K770_Hyp	CATCTTGA	TAAGAGTC
F18_K733_Bod	CATCTTGA	TACACAGT
H18_K455_Tot	AGCTAGTA	GCAGTATC
H18_K317_Oth	AGCTAGTA	ATCACAGC
H18_K317_Fl	AGCTAGTA	AAGCTCCA
H18_K439_Hyp	AGCTAGTA	TCGCGTAA
F18_K232_Bod	AGCTAGTA	CCTTATCG
F18_K770_Oth	AGCTAGTA	GCATGACA
F18_K770_Fl	AGCTAGTA	AGCATGTG
H18_K517_Tot	AGCTAGTA	TAAGAGTC
F18_K592_Bod	AGCTAGTA	CATTAAGG
F18_K770_Bod	AGCTAGTA	CAAGCTAT
H18_K455_Bor	TTACCTGA	ACCTGTCA
H18_K733_Bl.Fr	TTACCTGA	TACAGCCT
H18_K733_Tot	TTACCTGA	TTCAGCGA
F18_K439_Laub	TTACCTGA	AAGCCTAG
F18_K455_Laub	TTACCTGA	GAGATCGA
F18_K733_Det	TTACCTGA	TCCACGTT
H18_K517_Bor	TTACCTGA	AGCATGTG
F18_K733_Hyp	TTACCTGA	TAAGAGTC
F18_K733_Oth	TTACCTGA	TACACAGT
H18_K455_Det	TATACGAG	GCAGTATC
H18_K517_Det	TATACGAG	ATCACAGC
H18_K733_Bor	TATACGAG	AAGCTCCA
H18_K733_Det	TATACGAG	TCGCGTAA
F18_K517_Laub	TATACGAG	CCTTATCG
F18_K129_Laub	TATACGAG	GCATGACA
F18_K317_Laub	TATACGAG	AGCATGTG
F18_K129_Det	TATACGAG	CATTAAGG
H18_K455_Hyp	TATACGAG	TACACAGT
F18_K129_Hyp	TATACGAG	CAAGCTAT
H18_K517_Hyp	TATCAGTC	ACCTGTCA
H18_K733_Hyp	TATCAGTC	TACAGCCT
H18_K733_Oth	TATCAGTC	TTCAGCGA
H18_K733_Fl	TATCAGTC	AAGCCTAG
F18_K733_Laub	TATCAGTC	GAGATCGA
F18_K232_Laub	TATCAGTC	TCCACGTT
F18_K129_Oth	TATCAGTC	TAAGAGTC
H18_K455_Oth	TATCAGTC	CATTAAGG
F18_K129_Fl	TATCAGTC	TACACAGT
H18_K517_Oth	TGACTTAG	GCAGTATC
H18_K455_Fl	TGACTTAG	ATCACAGC
H18_K439_Oth	TGACTTAG	AAGCTCCA
H18_K232_Tot	TGACTTAG	TCGCGTAA
H18_K439_Fl	TGACTTAG	CCTTATCG
H18_K517_Fl	TGACTTAG	GAGATCGA
F18_K592_Laub	TGACTTAG	GCATGACA
F18_K770_Laub	TGACTTAG	AGCATGTG
F18_K317_Fl	TGACTTAG	CATTAAGG
F18_K733_Fl	TGACTTAG	CAAGCTAT
Mock	TGTCAACA	TGCAGTAA
unused001	GCTTCTAG	ACCTGTCA
unused002	GCTTCTAG	TACAGCCT
unused003	GCTTCTAG	TTCAGCGA
unused004	GCTTCTAG	AAGCCTAG
unused005	GCTTCTAG	GAGATCGA
unused006	GCTTCTAG	TCCACGTT
unused007	GCTTCTAG	TAAGAGTC
unused008	GCTTCTAG	TGCAGTAA
unused009	TAGCTCTG	ATCACAGC
unused010	TAGCTCTG	AAGCTCCA
unused011	TAGCTCTG	TCGCGTAA
unused012	TAGCTCTG	CCTTATCG
unused013	TAGCTCTG	GCATGACA
unused014	TAGCTCTG	AGCATGTG
unused015	TAGCTCTG	CATTAAGG
unused016	TAGCTCTG	CAAGCTAT
unused017	TAGCTCTG	TGCAGTAA
unused018	GGTACTCA	TACAGCCT
unused019	GGTACTCA	TTCAGCGA
unused020	GGTACTCA	AAGCCTAG
unused021	GGTACTCA	GAGATCGA
unused022	GGTACTCA	TCCACGTT
unused023	GGTACTCA	TAAGAGTC
unused024	GGTACTCA	TACACAGT
unused025	GGTACTCA	TGCAGTAA
unused026	TGTAGGTC	GCAGTATC
unused027	TGTAGGTC	ATCACAGC
unused028	TGTAGGTC	TCGCGTAA
unused029	TGTAGGTC	CCTTATCG
unused030	TGTAGGTC	GCATGACA
unused031	TGTAGGTC	AGCATGTG
unused032	TGTAGGTC	CATTAAGG
unused033	TGTAGGTC	CAAGCTAT
unused034	TGTAGGTC	TGCAGTAA
unused035	TGCAACCA	ACCTGTCA
unused036	TGCAACCA	TTCAGCGA
unused037	TGCAACCA	AAGCCTAG
unused038	TGCAACCA	GAGATCGA
unused039	TGCAACCA	TCCACGTT
unused040	TGCAACCA	TAAGAGTC
unused041	TGCAACCA	TACACAGT
unused042	TGCAACCA	TGCAGTAA
unused043	CAATGCGA	GCAGTATC
unused044	CAATGCGA	ATCACAGC
unused045	CAATGCGA	AAGCTCCA
unused046	CAATGCGA	CCTTATCG
unused047	CAATGCGA	GCATGACA
unused048	CAATGCGA	AGCATGTG
unused049	CAATGCGA	CATTAAGG
unused050	CAATGCGA	CAAGCTAT
unused051	CAATGCGA	TGCAGTAA
unused052	GCTATTGC	ACCTGTCA
unused053	GCTATTGC	TACAGCCT
unused054	GCTATTGC	AAGCCTAG
unused055	GCTATTGC	GAGATCGA
unused056	GCTATTGC	TCCACGTT
unused057	GCTATTGC	TAAGAGTC
unused058	GCTATTGC	TACACAGT
unused059	GCTATTGC	TGCAGTAA
unused060	AGTAACGG	GCAGTATC
unused061	AGTAACGG	ATCACAGC
unused062	AGTAACGG	AAGCTCCA
unused063	AGTAACGG	TCGCGTAA
unused064	AGTAACGG	GCATGACA
unused065	AGTAACGG	AGCATGTG
unused066	AGTAACGG	CATTAAGG
unused067	AGTAACGG	CAAGCTAT
unused068	AGTAACGG	TGCAGTAA
unused069	ACTTCTGA	ACCTGTCA
unused070	ACTTCTGA	TACAGCCT
unused071	ACTTCTGA	TTCAGCGA
unused072	ACTTCTGA	GAGATCGA
unused073	ACTTCTGA	TCCACGTT
unused074	ACTTCTGA	TAAGAGTC
unused075	ACTTCTGA	TACACAGT
unused076	ACTTCTGA	TGCAGTAA
unused077	ACTTAGCA	ATCACAGC
unused078	ACTTAGCA	AAGCTCCA
unused079	ACTTAGCA	TCGCGTAA
unused080	ACTTAGCA	CCTTATCG
unused081	ACTTAGCA	GCATGACA
unused082	ACTTAGCA	AGCATGTG
unused083	ACTTAGCA	CATTAAGG
unused084	ACTTAGCA	CAAGCTAT
unused085	ACTTAGCA	TGCAGTAA
unused086	AACTGTTC	ACCTGTCA
unused087	AACTGTTC	TACAGCCT
unused088	AACTGTTC	TTCAGCGA
unused089	AACTGTTC	AAGCCTAG
unused090	AACTGTTC	GAGATCGA
unused091	AACTGTTC	TAAGAGTC
unused092	AACTGTTC	TACACAGT
unused093	AACTGTTC	TGCAGTAA
unused094	CATCTTGA	GCAGTATC
unused095	CATCTTGA	ATCACAGC
unused096	CATCTTGA	AAGCTCCA
unused097	CATCTTGA	TCGCGTAA
unused098	CATCTTGA	CCTTATCG
unused099	CATCTTGA	AGCATGTG
unused100	CATCTTGA	CATTAAGG
unused101	CATCTTGA	CAAGCTAT
unused102	CATCTTGA	TGCAGTAA
unused103	AGCTAGTA	ACCTGTCA
unused104	AGCTAGTA	TACAGCCT
unused105	AGCTAGTA	TTCAGCGA
unused106	AGCTAGTA	AAGCCTAG
unused107	AGCTAGTA	GAGATCGA
unused108	AGCTAGTA	TCCACGTT
unused109	AGCTAGTA	TACACAGT
unused110	AGCTAGTA	TGCAGTAA
unused111	TTACCTGA	GCAGTATC
unused112	TTACCTGA	ATCACAGC
unused113	TTACCTGA	AAGCTCCA
unused114	TTACCTGA	TCGCGTAA
unused115	TTACCTGA	CCTTATCG
unused116	TTACCTGA	GCATGACA
unused117	TTACCTGA	CATTAAGG
unused118	TTACCTGA	CAAGCTAT
unused119	TTACCTGA	TGCAGTAA
unused120	TATACGAG	ACCTGTCA
unused121	TATACGAG	TACAGCCT
unused122	TATACGAG	TTCAGCGA
unused123	TATACGAG	AAGCCTAG
unused124	TATACGAG	GAGATCGA
unused125	TATACGAG	TCCACGTT
unused126	TATACGAG	TAAGAGTC
unused127	TATACGAG	TGCAGTAA
unused128	TATCAGTC	GCAGTATC
unused129	TATCAGTC	ATCACAGC
unused130	TATCAGTC	AAGCTCCA
unused131	TATCAGTC	TCGCGTAA
unused132	TATCAGTC	CCTTATCG
unused133	TATCAGTC	GCATGACA
unused134	TATCAGTC	AGCATGTG
unused135	TATCAGTC	CAAGCTAT
unused136	TATCAGTC	TGCAGTAA
unused137	TGACTTAG	ACCTGTCA
unused138	TGACTTAG	TACAGCCT
unused139	TGACTTAG	TTCAGCGA
unused140	TGACTTAG	AAGCCTAG
unused141	TGACTTAG	TCCACGTT
unused142	TGACTTAG	TAAGAGTC
unused143	TGACTTAG	TACACAGT
unused144	TGACTTAG	TGCAGTAA
unused145	TGTCAACA	GCAGTATC
unused146	TGTCAACA	ACCTGTCA
unused147	TGTCAACA	ATCACAGC
unused148	TGTCAACA	TACAGCCT
unused149	TGTCAACA	AAGCTCCA
unused150	TGTCAACA	TTCAGCGA
unused151	TGTCAACA	TCGCGTAA
unused152	TGTCAACA	AAGCCTAG
unused153	TGTCAACA	CCTTATCG
unused154	TGTCAACA	GAGATCGA
unused155	TGTCAACA	GCATGACA
unused156	TGTCAACA	TCCACGTT
unused157	TGTCAACA	AGCATGTG
unused158	TGTCAACA	TAAGAGTC
unused159	TGTCAACA	CATTAAGG
unused160	TGTCAACA	TACACAGT
unused161	TGTCAACA	CAAGCTAT
