F19_K232_Bl_Fr	GCTTCTAG	GCAGTATC
F19_K232_Tot	GCTTCTAG	ATCACAGC
F19_K439_Bl_Fr	GCTTCTAG	AAGCTCCA
F19_K439_Tot	GCTTCTAG	TCGCGTAA
P19_K0065_Bl_Fr	GCTTCTAG	CCTTATCG
P19_K0065_Bor	GCTTCTAG	GCATGACA
P19_K0065_Bor_mit	GCTTCTAG	AGCATGTG
P19_K3115_Bod	GCTTCTAG	CATTAAGG
P19_K0035_Bod	GCTTCTAG	TACACAGT
P19_K0065_Bod	GCTTCTAG	CAAGCTAT
P19_K3734_Bod	TAGCTCTG	GCAGTATC
F19_K232_Bor	TAGCTCTG	ACCTGTCA
F19_K232_Det	TAGCTCTG	TACAGCCT
F19_K439_Bor	TAGCTCTG	TTCAGCGA
F19_K439_Det	TAGCTCTG	AAGCCTAG
P19_K0065_Det	TAGCTCTG	GAGATCGA
P19_K0065_Moos	TAGCTCTG	TCCACGTT
P19_K0065_Blu	TAGCTCTG	TAAGAGTC
P19_K4257_Bod	TAGCTCTG	TACACAGT
F19_K232_Hyp	GGTACTCA	GCAGTATC
P19_K0329_Bod	GGTACTCA	ACCTGTCA
F19_K232_Oth	GGTACTCA	ATCACAGC
F19_K232_Fl	GGTACTCA	AAGCTCCA
F19_K439_Hyp	GGTACTCA	TCGCGTAA
F19_K439_Oth	GGTACTCA	CCTTATCG
P19_K3115_Bl_Fr	GGTACTCA	GCATGACA
P19_K4257_Bl_Fr	GGTACTCA	AGCATGTG
P19_K4257_Tot	GGTACTCA	CATTAAGG
P19_K5250_Bod	GGTACTCA	CAAGCTAT
F19_K592_Bl_Fr	TGTAGGTC	ACCTGTCA
F19_K592_Tot	TGTAGGTC	TACAGCCT
P19_K1691_Bod	TGTAGGTC	AAGCTCCA
F19_K592_Bor	TGTAGGTC	TTCAGCGA
F19_K439_Fl	TGTAGGTC	AAGCCTAG
F19_K455_Bl_Fr	TGTAGGTC	GAGATCGA
P19_K4257_Bor	TGTAGGTC	TCCACGTT
P19_K4257_Bor_mit	TGTAGGTC	TAAGAGTC
P19_K4257_Det	TGTAGGTC	TACACAGT
P19_Michael_Pandanus	TGTAGGTC	CAAGCTAT
F19_K455_Tot	TGCAACCA	GCAGTATC
F19_K770_Bl_Fr	TGCAACCA	ATCACAGC
P19_K4702_Bod	TGCAACCA	TACAGCCT
F19_K770_Tot	TGCAACCA	AAGCTCCA
F19_K770_Bor	TGCAACCA	TCGCGTAA
F19_K455_Bor	TGCAACCA	CCTTATCG
P19_Michael_K0065_Termiten1_1	TGCAACCA	GCATGACA
P19_Michael_Wasser_Astloch	TGCAACCA	AGCATGTG
P19_K3115_Tot	TGCAACCA	CATTAAGG
P19_K3115_Laub	TGCAACCA	CAAGCTAT
F19_K455_Det	CAATGCGA	ACCTGTCA
F19_K129_Bl_Fr	CAATGCGA	TACAGCCT
F19_K129_Tot	CAATGCGA	TTCAGCGA
P19_K0065_Laub	CAATGCGA	TCGCGTAA
F19_K129_Bor	CAATGCGA	AAGCCTAG
F19_K455_Hyp	CAATGCGA	GAGATCGA
P19_K1691_Tot	CAATGCGA	TCCACGTT
P19_K1691_Bor	CAATGCGA	TAAGAGTC
P19_Michael_Moos1_1	CAATGCGA	CATTAAGG
P19_K1691_Bor_mit	CAATGCGA	TACACAGT
P19_K1691_Moos	GCTATTGC	GCAGTATC
F19_K455_Oth	GCTATTGC	ATCACAGC
F19_K592_Det	GCTATTGC	AAGCTCCA
P19_K0035_Laub	GCTATTGC	TTCAGCGA
F19_K592_Hyp	GCTATTGC	TCGCGTAA
F19_K455_Fl	GCTATTGC	CCTTATCG
F19_K517_Bl_Fr	GCTATTGC	GCATGACA
P19_K1691_Blu	GCTATTGC	AGCATGTG
P19_K1691_Fl	GCTATTGC	CATTAAGG
P19_K3734_Laub	GCTATTGC	CAAGCTAT
P19_Michael_K0065_Termiten2_1	AGTAACGG	ACCTGTCA
F19_K517_Tot	AGTAACGG	TACAGCCT
F19_K317_Bl_Fr	AGTAACGG	TTCAGCGA
F19_K317_Tot	AGTAACGG	AAGCCTAG
P19_K4257_Laub	AGTAACGG	CCTTATCG
F19_K317_Bor	AGTAACGG	GAGATCGA
F19_K517_Bor	AGTAACGG	TCCACGTT
P19_Michael_Hirschzungenfarn	AGTAACGG	AGCATGTG
P19_K3115_Bor	AGTAACGG	TAAGAGTC
P19_K0035_Bl_Fr	AGTAACGG	TACACAGT
P19_K0035_Tot	ACTTCTGA	GCAGTATC
P19_K0035_Bor	ACTTCTGA	ATCACAGC
F19_K517_Det	ACTTCTGA	AAGCTCCA
F19_K733_Bl_Fr	ACTTCTGA	TCGCGTAA
P19_K0329_Laub	ACTTCTGA	AAGCCTAG
F19_K733_Tot	ACTTCTGA	CCTTATCG
F19_K733_Bor	ACTTCTGA	GCATGACA
F19_K517_Hyp	ACTTCTGA	AGCATGTG
P19_K0035_Bor_mit	ACTTCTGA	CATTAAGG
P19_K5250_Laub	ACTTCTGA	CAAGCTAT
P19_K1691_Laub	ACTTAGCA	GCAGTATC
P19_K0035_Det	ACTTAGCA	ACCTGTCA
P19_K0035_Fr	ACTTAGCA	TACAGCCT
F19_K517_Oth	ACTTAGCA	TTCAGCGA
F19_K592_Oth	ACTTAGCA	AAGCCTAG
F19_K592_Fl	ACTTAGCA	GAGATCGA
P19_Michael_Moos1_2	ACTTAGCA	GCATGACA
F19_K517_Fl	ACTTAGCA	TCCACGTT
F19_K439_Bod	ACTTAGCA	TAAGAGTC
P19_Michael_Flechte	ACTTAGCA	TACACAGT
P19_K3115_Bor_mit	AACTGTTC	GCAGTATC
P19_K0329_Bl_Fr	AACTGTTC	ATCACAGC
P19_K0329_Tot	AACTGTTC	AAGCTCCA
F19_K455_Bod	AACTGTTC	TCGCGTAA
F19_K317_Det	AACTGTTC	CCTTATCG
F19_K317_Hyp	AACTGTTC	GCATGACA
P19_K4702_Laub	AACTGTTC	TCCACGTT
F19_K317_Oth	AACTGTTC	AGCATGTG
F19_K517_Bod	AACTGTTC	CATTAAGG
P19_K3734_Bl_Fr	AACTGTTC	CAAGCTAT
P19_K0329_Bor	CATCTTGA	ACCTGTCA
P19_K0329_Bor_mit	CATCTTGA	TACAGCCT
P19_K0329_Det	CATCTTGA	TTCAGCGA
F19_K129_Bod	CATCTTGA	AAGCCTAG
P19_Michael_Baumstumpf	CATCTTGA	CCTTATCG
F19_K317_Bod	CATCTTGA	GAGATCGA
P19_K5250_Bl_Fr	CATCTTGA	GCATGACA
F19_K770_Det	CATCTTGA	TCCACGTT
F19_K770_Hyp	CATCTTGA	TAAGAGTC
F19_K733_Bod	CATCTTGA	TACACAGT
P19_K3734_Tot	AGCTAGTA	GCAGTATC
P19_K0329_Fr	AGCTAGTA	ATCACAGC
P19_Michael_K1691_Termite	AGCTAGTA	AAGCTCCA
P19_K3115_Det	AGCTAGTA	TCGCGTAA
F19_K232_Bod	AGCTAGTA	CCTTATCG
F19_K770_Oth	AGCTAGTA	GCATGACA
F19_K770_Fl	AGCTAGTA	AGCATGTG
P19_K5250_Tot	AGCTAGTA	TAAGAGTC
F19_K592_Bod	AGCTAGTA	CATTAAGG
F19_K770_Bod	AGCTAGTA	CAAGCTAT
P19_K3734_Bor	TTACCTGA	ACCTGTCA
P19_K4702_Bl_Fr	TTACCTGA	TACAGCCT
P19_K4702_Tot	TTACCTGA	TTCAGCGA
F19_K439_Laub	TTACCTGA	AAGCCTAG
F19_K455_Laub	TTACCTGA	GAGATCGA
F19_K733_Det	TTACCTGA	TCCACGTT
P19_K5250_Bor	TTACCTGA	AGCATGTG
F19_K733_Hyp	TTACCTGA	TAAGAGTC
F19_K733_Oth	TTACCTGA	TACACAGT
P19_K3734_Bor_mit	TATACGAG	GCAGTATC
P19_K5250_Bor_mit	TATACGAG	ATCACAGC
P19_K4702_Bor	TATACGAG	AAGCTCCA
P19_K4702_Bor_mit	TATACGAG	TCGCGTAA
F19_K517_Laub	TATACGAG	CCTTATCG
F19_K129_Laub	TATACGAG	GCATGACA
F19_K317_Laub	TATACGAG	AGCATGTG
F19_K129_Det	TATACGAG	CATTAAGG
P19_K3734_Det	TATACGAG	TACACAGT
F19_K129_Hyp	TATACGAG	CAAGCTAT
P19_K5250_Det	TATCAGTC	ACCTGTCA
P19_K4702_Det	TATCAGTC	TACAGCCT
P19_K4702_Fr	TATCAGTC	TTCAGCGA
F19_K733_Laub	TATCAGTC	GAGATCGA
F19_K232_Laub	TATCAGTC	TCCACGTT
F19_K129_Oth	TATCAGTC	TAAGAGTC
P19_K3734_Fr	TATCAGTC	CATTAAGG
F19_K129_Fl	TATCAGTC	TACACAGT
P19_K5250_Moos	TGACTTAG	GCAGTATC
P19_Michael_K0065_Astloch	TGACTTAG	ATCACAGC
P19_K3115_Blu	TGACTTAG	AAGCTCCA
P19_K0065_Tot	TGACTTAG	TCGCGTAA
P19_Michael_Termite	TGACTTAG	CCTTATCG
P19_K5250_Fr	TGACTTAG	GAGATCGA
F19_K592_Laub	TGACTTAG	GCATGACA
F19_K770_Laub	TGACTTAG	AGCATGTG
F19_K317_Fl	TGACTTAG	CATTAAGG
F19_K733_Fl	TGACTTAG	CAAGCTAT
Mock	TGTCAACA	TGCAGTAA
unused001	TATCAGTC	AAGCCTAG
unused002	GCTTCTAG	ACCTGTCA
unused003	GCTTCTAG	TACAGCCT
unused004	GCTTCTAG	TTCAGCGA
unused005	GCTTCTAG	AAGCCTAG
unused006	GCTTCTAG	GAGATCGA
unused007	GCTTCTAG	TCCACGTT
unused008	GCTTCTAG	TAAGAGTC
unused009	GCTTCTAG	TGCAGTAA
unused010	TAGCTCTG	ATCACAGC
unused011	TAGCTCTG	AAGCTCCA
unused012	TAGCTCTG	TCGCGTAA
unused013	TAGCTCTG	CCTTATCG
unused014	TAGCTCTG	GCATGACA
unused015	TAGCTCTG	AGCATGTG
unused016	TAGCTCTG	CATTAAGG
unused017	TAGCTCTG	CAAGCTAT
unused018	TAGCTCTG	TGCAGTAA
unused019	GGTACTCA	TACAGCCT
unused020	GGTACTCA	TTCAGCGA
unused021	GGTACTCA	AAGCCTAG
unused022	GGTACTCA	GAGATCGA
unused023	GGTACTCA	TCCACGTT
unused024	GGTACTCA	TAAGAGTC
unused025	GGTACTCA	TACACAGT
unused026	GGTACTCA	TGCAGTAA
unused027	TGTAGGTC	GCAGTATC
unused028	TGTAGGTC	ATCACAGC
unused029	TGTAGGTC	TCGCGTAA
unused030	TGTAGGTC	CCTTATCG
unused031	TGTAGGTC	GCATGACA
unused032	TGTAGGTC	AGCATGTG
unused033	TGTAGGTC	CATTAAGG
unused034	TGTAGGTC	TGCAGTAA
unused035	TGCAACCA	ACCTGTCA
unused036	TGCAACCA	TTCAGCGA
unused037	TGCAACCA	AAGCCTAG
unused038	TGCAACCA	GAGATCGA
unused039	TGCAACCA	TCCACGTT
unused040	TGCAACCA	TAAGAGTC
unused041	TGCAACCA	TACACAGT
unused042	TGCAACCA	TGCAGTAA
unused043	CAATGCGA	GCAGTATC
unused044	CAATGCGA	ATCACAGC
unused045	CAATGCGA	AAGCTCCA
unused046	CAATGCGA	CCTTATCG
unused047	CAATGCGA	GCATGACA
unused048	CAATGCGA	AGCATGTG
unused049	CAATGCGA	CAAGCTAT
unused050	CAATGCGA	TGCAGTAA
unused051	GCTATTGC	ACCTGTCA
unused052	GCTATTGC	TACAGCCT
unused053	GCTATTGC	AAGCCTAG
unused054	GCTATTGC	GAGATCGA
unused055	GCTATTGC	TCCACGTT
unused056	GCTATTGC	TAAGAGTC
unused057	GCTATTGC	TACACAGT
unused058	GCTATTGC	TGCAGTAA
unused059	AGTAACGG	GCAGTATC
unused060	AGTAACGG	ATCACAGC
unused061	AGTAACGG	AAGCTCCA
unused062	AGTAACGG	TCGCGTAA
unused063	AGTAACGG	GCATGACA
unused064	AGTAACGG	CATTAAGG
unused065	AGTAACGG	CAAGCTAT
unused066	AGTAACGG	TGCAGTAA
unused067	ACTTCTGA	ACCTGTCA
unused068	ACTTCTGA	TACAGCCT
unused069	ACTTCTGA	TTCAGCGA
unused070	ACTTCTGA	GAGATCGA
unused071	ACTTCTGA	TCCACGTT
unused072	ACTTCTGA	TAAGAGTC
unused073	ACTTCTGA	TACACAGT
unused074	ACTTCTGA	TGCAGTAA
unused075	ACTTAGCA	ATCACAGC
unused076	ACTTAGCA	AAGCTCCA
unused077	ACTTAGCA	TCGCGTAA
unused078	ACTTAGCA	CCTTATCG
unused079	ACTTAGCA	AGCATGTG
unused080	ACTTAGCA	CATTAAGG
unused081	ACTTAGCA	CAAGCTAT
unused082	ACTTAGCA	TGCAGTAA
unused083	AACTGTTC	ACCTGTCA
unused084	AACTGTTC	TACAGCCT
unused085	AACTGTTC	TTCAGCGA
unused086	AACTGTTC	AAGCCTAG
unused087	AACTGTTC	GAGATCGA
unused088	AACTGTTC	TAAGAGTC
unused089	AACTGTTC	TACACAGT
unused090	AACTGTTC	TGCAGTAA
unused091	CATCTTGA	GCAGTATC
unused092	CATCTTGA	ATCACAGC
unused093	CATCTTGA	AAGCTCCA
unused094	CATCTTGA	TCGCGTAA
unused095	CATCTTGA	AGCATGTG
unused096	CATCTTGA	CATTAAGG
unused097	CATCTTGA	CAAGCTAT
unused098	CATCTTGA	TGCAGTAA
unused099	AGCTAGTA	ACCTGTCA
unused100	AGCTAGTA	TACAGCCT
unused101	AGCTAGTA	TTCAGCGA
unused102	AGCTAGTA	AAGCCTAG
unused103	AGCTAGTA	GAGATCGA
unused104	AGCTAGTA	TCCACGTT
unused105	AGCTAGTA	TACACAGT
unused106	AGCTAGTA	TGCAGTAA
unused107	TTACCTGA	GCAGTATC
unused108	TTACCTGA	ATCACAGC
unused109	TTACCTGA	AAGCTCCA
unused110	TTACCTGA	TCGCGTAA
unused111	TTACCTGA	CCTTATCG
unused112	TTACCTGA	GCATGACA
unused113	TTACCTGA	CATTAAGG
unused114	TTACCTGA	CAAGCTAT
unused115	TTACCTGA	TGCAGTAA
unused116	TATACGAG	ACCTGTCA
unused117	TATACGAG	TACAGCCT
unused118	TATACGAG	TTCAGCGA
unused119	TATACGAG	AAGCCTAG
unused120	TATACGAG	GAGATCGA
unused121	TATACGAG	TCCACGTT
unused122	TATACGAG	TAAGAGTC
unused123	TATACGAG	TGCAGTAA
unused124	TATCAGTC	GCAGTATC
unused125	TATCAGTC	ATCACAGC
unused126	TATCAGTC	AAGCTCCA
unused127	TATCAGTC	TCGCGTAA
unused128	TATCAGTC	CCTTATCG
unused129	TATCAGTC	GCATGACA
unused130	TATCAGTC	AGCATGTG
unused131	TATCAGTC	CAAGCTAT
unused132	TATCAGTC	TGCAGTAA
unused133	TGACTTAG	ACCTGTCA
unused134	TGACTTAG	TACAGCCT
unused135	TGACTTAG	TTCAGCGA
unused136	TGACTTAG	AAGCCTAG
unused137	TGACTTAG	TCCACGTT
unused138	TGACTTAG	TAAGAGTC
unused139	TGACTTAG	TACACAGT
unused140	TGACTTAG	TGCAGTAA
unused141	TGTCAACA	GCAGTATC
unused142	TGTCAACA	ACCTGTCA
unused143	TGTCAACA	ATCACAGC
unused144	TGTCAACA	TACAGCCT
unused145	TGTCAACA	AAGCTCCA
unused146	TGTCAACA	TTCAGCGA
unused147	TGTCAACA	TCGCGTAA
unused148	TGTCAACA	AAGCCTAG
unused149	TGTCAACA	CCTTATCG
unused150	TGTCAACA	GAGATCGA
unused151	TGTCAACA	GCATGACA
unused152	TGTCAACA	TCCACGTT
unused153	TGTCAACA	AGCATGTG
unused154	TGTCAACA	TAAGAGTC
unused155	TGTCAACA	CATTAAGG
unused156	TGTCAACA	TACACAGT
unused157	TGTCAACA	CAAGCTAT
